repository_path,sha256_canonical_lf
src/criteo/criteo_r01_shift_materialization.py,5fcc642bc92f74a118a9cbf554dbe8d3031c2309475d72248ed3aee4a56590bb
src/criteo/criteo_r0_audit.py,743aed2f515903422b09e2b780328bbe8f7b51090251b0ad1c89d293dc7b6b73
src/criteo/criteo_r11_budget_randomization_audit.py,fa011f1d63e0394174e73e48989ad4b80882827c1c6c990b61fe4bbd29e3176e
src/criteo/criteo_r12_propensity_adjustment.py,99453d9155046977d73a5687ec1a6ff62103d9e9bee80d1cbf205c2a6fc472ce
src/criteo/criteo_r1_population_models.py,1c7fe26cebf45f9215c7ec8de54f06ec2e72eb8e72744b3fb2a8d392ae0f3e0e
src/criteo/criteo_r1f_finalization.py,835ed7ea70dc5bad9f28a99fbe3822ebf7931399c9c0c7a9d16400ba1782979b
src/criteo/criteo_r2_portability.py,9daefb66a06b24f6f70a966811c92cfa8d380d83dad3e155d72273d951d7db21
src/criteo/criteo_r3_target_benchmark.py,c8e1280713136627e46cc8229ba8f64c1d189ec385c3d2f65d0416d5122a238b
src/criteo/criteo_r4_evidence_freeze.py,a8ac11ca4faf7e4c70f24a7efe3d5dabff18fb96f5f22662c079ad41b3630abb
src/simulation/p1_portability_simulation_b1.py,b486f175567e0f97930dcaee24aa2600c690e8b12854358628b40a5a0786facc
src/simulation/p1c_rare_binary_simulation.py,25523ca9b8118d36d00c26a7c4cb0ec08112817301e3a304b39293685fe2e965
