file,sha256,bytes
models\null_ess1.0\DR-HGB.joblib,dc48af888fd22670be3fbf4a983a890aa4fc9a6722bd6294f295fa25899e7e9a,135282
models\null_ess1.0\S-HGB.joblib,c45ae7511c7eb89a3e3f78d09bfa536df653f7ba88d105fcd52728503bbe3de7,235741
models\null_ess1.0\S-Logit.joblib,8764f5ca06e8c0b1cf8e756dab872638e6b6b443ec121b939a6a08800e5ca405,1653
models\null_ess1.0\T-HGB.joblib,1c109317db7887add061a190c91d81bdfc5a7d7b3ce777a184083f0a9963ccb0,433160
models\null_ess1.0\T-Logit.joblib,dbb40e8b5b890f37ad2fb332178d70b896717fcc184f289978bebefa58324a51,1825
models\null_ess1.0\TO-HGB.joblib,f0161fd12c935fa5430adfcd2fbd2866b029b87c62bb5c8c44a6ed7912a19b4b,99339
models\pc1_ess0.5\DR-HGB.joblib,9163dc95c75367c980649493fd435788af92ab2e06373315960e7da75f0499b6,75546
models\pc1_ess0.5\S-HGB.joblib,f6b93588126912935699944a6f1c5fe6deea49f61dd55cbf048439fa9af18e6a,241202
models\pc1_ess0.5\S-Logit.joblib,d5d1ee05d671ccb1c69a5979c41fec44176f867e78d2e305e5f1953053d16073,1652
models\pc1_ess0.5\T-HGB.joblib,aa91c2c3792bbd1eb244feb9e732628c4ff9991375d7f2949d4d73983c7f1ca2,434094
models\pc1_ess0.5\T-Logit.joblib,e445fe412ead677b594713d51a5e5aa2203d4c5230ff4225b23e60a9b5ee8e90,1823
models\pc1_ess0.5\TO-HGB.joblib,cf75391a29f98d77fda84be182e758d9549d5639c68c3411ed7db4189c97ff1d,170937
models\pc1_ess0.8\DR-HGB.joblib,15228390311441b6acabd22d56d88ef4fd6fdb9e27662dc4665fd2783a5426ad,93267
models\pc1_ess0.8\S-HGB.joblib,4831c0ee6eaef9494981762119134ab7de7b7685cd03125181b00a73030823a7,239831
models\pc1_ess0.8\S-Logit.joblib,05858ff3f58b329d7587619fefc68912b15f222fc8b0ce824fc5b1c5f56af915,1648
models\pc1_ess0.8\T-HGB.joblib,de0bdaacb4532a9bcc60d3bdb1d82364e40eda9ab9e4171fbf59af829ba08ec9,447355
models\pc1_ess0.8\T-Logit.joblib,6b4a64e5a70849c3f167b72380dad7e380076dc32197b2407aa8e084fef44e79,1829
models\pc1_ess0.8\TO-HGB.joblib,881133f666e9dd8d6dff882f9d8b009015bdf9b4a2f4d70d86f44acbd3a47054,123092
