scenario,budget,model,score_cut,tie_u_cut,train_policy_rate,source_select_policy_rate,select_abs_budget_deviation,threshold_tie_count_train,threshold_tie_fraction_train,tie_fraction_selected,source_select_ipw_gain,source_select_ipw_se
null_ess1.0,0.1,S-Logit,0.011426965549956813,1.0,0.10000004771267806,0.09997088046179152,2.9119538208485785e-05,1,4.771267806967865e-07,1.0,0.008866188826786756,0.0003402268761514753
null_ess1.0,0.3,S-Logit,0.0025302729833984808,1.0,0.3000001431380342,0.3000793453756099,7.934537560988497e-05,1,4.771267806967865e-07,1.0,0.009639735744364322,0.0004152621213751846
null_ess1.0,0.5,S-Logit,0.0011945270850943655,1.0,0.5000002385633904,0.4999495595222679,5.044047773211657e-05,1,4.771267806967865e-07,1.0,0.009795455200024658,0.000429669772982493
null_ess1.0,0.1,T-Logit,0.011418200036383717,1.0,0.10000004771267806,0.09987715418401974,0.0001228458159802659,1,4.771267806967865e-07,1.0,0.00898711690856983,0.000323149510889666
null_ess1.0,0.3,T-Logit,0.002777089538112114,1.0,0.3000001431380342,0.2999584313226066,4.156867739341097e-05,1,4.771267806967865e-07,1.0,0.009819023550070548,0.00040078269131703316
null_ess1.0,0.5,T-Logit,0.0014163271005074906,1.0,0.5000002385633904,0.4995281490061795,0.00047185099382052176,1,4.771267806967865e-07,1.0,0.010033102729654037,0.0004152029387014022
null_ess1.0,0.1,S-HGB,0.01146331265524949,1.0,0.10000004771267806,0.0997641102764782,0.00023588972352180104,1,4.771267806967865e-07,1.0,0.009164160109509779,0.00033199382121263695
null_ess1.0,0.3,S-HGB,0.000825287113878798,0.6872846236336763,0.3000001431380342,0.3009915667814039,0.0009915667814038853,2208,0.0010534959317785044,0.6820652173913043,0.010163289806097995,0.00043049037565718424
null_ess1.0,0.5,S-HGB,0.00022215699148451454,0.41478698806468917,0.5000002385633904,0.5003831329904335,0.0003831329904334657,350,0.00016699437324387524,0.44857142857142857,0.010301613574819703,0.00044477960821730716
null_ess1.0,0.1,T-HGB,0.019297027962425092,1.0,0.10000004771267806,0.09993582254109826,6.417745890174853e-05,1,4.771267806967865e-07,1.0,0.008466649178389784,0.00034933381263843903
null_ess1.0,0.3,T-HGB,0.0015367938019453077,0.14829141937792878,0.3000001431380342,0.30052365086031424,0.0005236508603142509,129,6.154935470988545e-05,0.14728682170542637,0.009219994653070877,0.00040725737769794855
null_ess1.0,0.5,T-HGB,0.0003837540081295049,0.1200328508141385,0.5000002385633904,0.5005519833839766,0.0005519833839765509,1270,0.0006059510114849188,0.115748031496063,0.009348217700344342,0.0004133880628951282
null_ess1.0,0.1,TO-HGB,0.014491625946759004,0.11869180951285452,0.10000004771267806,0.10003598802879328,3.598802879327401e-05,47,2.242495869274896e-05,0.1702127659574468,0.009220555804262443,0.0003347135539213881
null_ess1.0,0.3,TO-HGB,0.0015306972737209963,0.4151610095702045,0.3000001431380342,0.2998868845456815,0.0001131154543184687,127870,0.06101020144769808,0.41580511456948466,0.010356325815997654,0.00037617220349849066
null_ess1.0,0.5,TO-HGB,0.0011181213405394783,0.13991606642070897,0.5000002385633904,0.49984796309903434,0.00015203690096565747,1111514,0.5303330965194079,0.13952050986312364,0.010461822240012587,0.0003949591304801575
null_ess1.0,0.1,DR-HGB,0.01410549195929796,0.9072678591947401,0.10000004771267806,0.09995370923532951,4.6290764670497975e-05,165,7.872591881496976e-05,0.9030303030303031,0.00890799459055863,0.0003328419956306752
null_ess1.0,0.3,DR-HGB,0.001855438026589945,0.06264569997923675,0.3000001431380342,0.30054368395785325,0.0005436839578532582,51529,0.024585865882524708,0.06235323798249529,0.009643663802705305,0.00043219475972537723
null_ess1.0,0.5,DR-HGB,0.000767516045285436,0.4030714099639777,0.5000002385633904,0.5002479095820452,0.00024790958204523594,263099,0.1255315788745438,0.4036085275884743,0.00984203074892487,0.0004438999821203939
pc1_ess0.8,0.1,S-Logit,0.02704803501353273,1.0,0.10000009534442697,0.10013281808214122,0.00013281808214121726,1,4.767221348761333e-07,1.0,0.01427092827213516,0.00038056051721556476
pc1_ess0.8,0.3,S-Logit,0.004282966575867984,1.0,0.29999980931114606,0.3006788241344116,0.0006788241344116153,1,4.767221348761333e-07,1.0,0.016116500363932515,0.0005120915327496001
pc1_ess0.8,0.5,S-Logit,0.001635590241380526,1.0,0.5,0.500452382536103,0.00045238253610302426,1,4.767221348761333e-07,1.0,0.016417738118733483,0.0005335086257211166
pc1_ess0.8,0.1,T-Logit,0.027188683934831176,1.0,0.10000009534442697,0.10018932119732246,0.00018932119732245623,1,4.767221348761333e-07,1.0,0.014214551373890286,0.0003704552790251429
pc1_ess0.8,0.3,T-Logit,0.004959188482990314,1.0,0.29999980931114606,0.30041061314462725,0.00041061314462725873,1,4.767221348761333e-07,1.0,0.016340886028588724,0.00048628786513621713
pc1_ess0.8,0.5,T-Logit,0.002187499785789895,1.0,0.5,0.5001119333864034,0.00011193338640336226,1,4.767221348761333e-07,1.0,0.016735804798383665,0.0005097602634448533
pc1_ess0.8,0.1,S-HGB,0.031227206410731068,1.0,0.10000009534442697,0.09993899094019038,6.100905980963023e-05,1,4.767221348761333e-07,1.0,0.014477924047780519,0.000372582159003024
pc1_ess0.8,0.3,S-HGB,0.002124065470958402,0.7400506197206095,0.29999980931114606,0.30059514230559886,0.0005951423055988725,3,1.4301664046284e-06,0.6666666666666666,0.017104358252581497,0.0005165432680277179
pc1_ess0.8,0.5,S-HGB,0.0004346847463175688,0.2005073447471698,0.5,0.5007163021500508,0.0007163021500508071,6429,0.003064846605118661,0.20174210608181678,0.01734949959121841,0.0005378395873347833
pc1_ess0.8,0.1,T-HGB,0.03896729732424328,1.0,0.10000009534442697,0.10002410322761529,2.4103227615285272e-05,1,4.767221348761333e-07,1.0,0.013455286381109826,0.0003825914756168191
pc1_ess0.8,0.3,T-HGB,0.0029197710734716817,0.5751831558418152,0.29999980931114606,0.3007589298166939,0.0007589298166938985,346,0.0001649458586671421,0.546242774566474,0.016386885089843258,0.0005039641719214601
pc1_ess0.8,0.5,T-HGB,0.0005469654579891379,0.8004821115848054,0.5,0.5011039564339526,0.0011039564339525576,1732,0.0008256827376054628,0.7990762124711316,0.016661477046966293,0.0005147658193117362
pc1_ess0.8,0.1,TO-HGB,0.03846383719819498,0.4529658449645444,0.10000009534442697,0.09999907020190209,9.297980979178222e-07,3,1.4301664046284e-06,0.3333333333333333,0.01445857078420392,0.0003748155517635366
pc1_ess0.8,0.3,TO-HGB,0.003849267210129859,0.8375618288367522,0.29999980931114606,0.2999163896941179,8.361030588210916e-05,35212,0.016786339813258406,0.8378109735317505,0.016912508509300428,0.00047044927114983675
pc1_ess0.8,0.5,TO-HGB,0.0012021081129032919,0.39220860242309064,0.5,0.5004352170327568,0.00043521703275684054,210830,0.10050732769593518,0.3926813072143433,0.01758790935991564,0.000490043845997151
pc1_ess0.8,0.1,DR-HGB,0.028007523045430267,1.0,0.10000009534442697,0.10001409001733001,1.409001733000681e-05,2,9.534442697522666e-07,1.0,0.014248489705669541,0.0003580840607661696
pc1_ess0.8,0.3,DR-HGB,0.0028857118354120117,0.7624593642450838,0.29999980931114606,0.30038128874307746,0.0003812887430774681,2123,0.001012081092342031,0.7588318417333961,0.016856131611055564,0.0005026447163434554
pc1_ess0.8,0.5,DR-HGB,0.0018631608907002928,0.34444277275824886,0.5,0.5004030317139827,0.00040303171398270443,30885,0.014723563135649377,0.3494576655334305,0.017188502876827577,0.0005259231596675123
pc1_ess0.5,0.1,S-Logit,0.03440126155085843,1.0,0.09999976159426682,0.0999318232492725,6.817675072751106e-05,1,4.768114663621431e-07,1.0,0.015416908103221738,0.000384942542887479
pc1_ess0.5,0.3,S-Logit,0.005678844736698302,1.0,0.3000002384057332,0.30016065129521535,0.0001606512952153638,1,4.768114663621431e-07,1.0,0.018426807814708564,0.0005280315118179076
pc1_ess0.5,0.5,S-Logit,0.002164731522610864,1.0,0.49999976159426684,0.5008061150400485,0.0008061150400484607,1,4.768114663621431e-07,1.0,0.019126315233690974,0.0005702020711898603
pc1_ess0.5,0.1,T-Logit,0.03419979791786749,1.0,0.09999976159426682,0.10013549593226347,0.00013549593226346024,1,4.768114663621431e-07,1.0,0.015292476495037368,0.000374042085659561
pc1_ess0.5,0.3,T-Logit,0.006792185296666054,1.0,0.3000002384057332,0.3000441648133644,4.4164813364389044e-05,1,4.768114663621431e-07,1.0,0.018585990592746227,0.0005001333732470777
pc1_ess0.5,0.5,T-Logit,0.0029188417716865048,1.0,0.49999976159426684,0.5001100547129145,0.00011005471291447577,1,4.768114663621431e-07,1.0,0.019350236078148886,0.0005431177362181012
pc1_ess0.5,0.1,S-HGB,0.037435751731988876,1.0,0.09999976159426682,0.09966669144088776,0.000333308559112247,1,4.768114663621431e-07,1.0,0.015550307755239218,0.0003746094004500995
pc1_ess0.5,0.3,S-HGB,0.003911580314639451,1.0,0.3000002384057332,0.3004079170787763,0.0004079170787762987,4,1.9072458654485723e-06,1.0,0.01925439010968254,0.0005475269405610614
pc1_ess0.5,0.5,S-HGB,0.0007767467658220638,0.4950899803901949,0.49999976159426684,0.5003530326505177,0.00035303265051767063,312,0.00014876517750498863,0.5352564102564102,0.01970139104448902,0.000597563253777757
pc1_ess0.5,0.1,T-HGB,0.04437021474510816,1.0,0.09999976159426682,0.100026155860342,2.615586034199202e-05,1,4.768114663621431e-07,1.0,0.015021753671825424,0.00037874923806727905
pc1_ess0.5,0.3,T-HGB,0.005416986353046396,1.0,0.3000002384057332,0.3007202151926958,0.0007202151926958278,1,4.768114663621431e-07,1.0,0.018878292771431583,0.0005349341523484704
pc1_ess0.5,0.5,T-HGB,0.0008327347831281803,0.773427193806782,0.49999976159426684,0.5008454202946607,0.0008454202946607259,1237,0.000589815783889971,0.7631366208569119,0.019454489587708765,0.0005567426810366531
pc1_ess0.5,0.1,TO-HGB,0.04886115274577259,0.59115047728434,0.09999976159426682,0.09968169890173972,0.00031830109826028186,13,6.19854906270786e-06,0.6153846153846154,0.015443812234721063,0.0003820466725824904
pc1_ess0.5,0.3,TO-HGB,0.005840791897113466,0.9027159239714011,0.3000002384057332,0.2999805617649917,1.9438235008273352e-05,451,0.00021504197132932653,0.9002217294900222,0.019458413106885748,0.0005060670246371459
pc1_ess0.5,0.5,TO-HGB,0.0011105643051365942,0.2835144424585042,0.49999976159426684,0.49987922567219134,0.00012077432780865927,291910,0.13918603514577318,0.28381350416224177,0.02002031710330391,0.000529736367374645
pc1_ess0.5,0.1,DR-HGB,0.03247568896621495,1.0,0.09999976159426682,0.09984821025309726,0.00015178974690274738,1,4.768114663621431e-07,1.0,0.01549145496758445,0.0003580323454649201
pc1_ess0.5,0.3,DR-HGB,0.005541722430220363,0.13721858664592013,0.3000002384057332,0.30067233424616807,0.0006723342461680826,181,8.63028754115479e-05,0.1270718232044199,0.019147334086424817,0.0005453703779596644
pc1_ess0.5,0.5,DR-HGB,0.0029906850208076523,0.6276996069541582,0.49999976159426684,0.4997327242686364,0.00026727573136359206,89310,0.042584032060802995,0.629615944463106,0.019675607918468833,0.0005805684011380532
